Erena,Gilhespy,egilhespy0@paginegialle.it
Parsifal,Burghall,pburghall1@miitbeian.gov.cn
Cindy,Back,cback2@umich.edu
Simon,Postians,spostians3@mapquest.com
Rahal,Leonida,rleonida4@nps.gov
Tarrah,Earsman,tearsman5@nsw.gov.au
Murial,Amber,mamber6@squarespace.com
Karim,Pinck,kpinck7@accuweather.com
Gillie,Reeman,greeman8@techcrunch.com
Sandy,Wiffield,swiffield9@t.co
Murial,Dicte,mdictea@over-blog.com
Logan,Staniland,lstanilandb@toplist.cz
Ade,Foch,afochc@tripod.com
Aeriela,Kibblewhite,akibblewhited@blogs.com
Jsandye,MacIntyre,jmacintyree@yellowbook.com
Berkie,Shalloo,bshalloof@squarespace.com
Godfree,Maydway,gmaydwayg@google.co.jp
Gusella,Bourley,gbourleyh@npr.org
Dasie,Feld,dfeldi@aboutads.info
Diana,Merigon,dmerigonj@statcounter.com
Lukas,Lorenzini,llorenzinik@reddit.com
Bessy,Calley,bcalleyl@technorati.com
Gabbi,Sturge,gsturgem@comsenz.com
Codie,Colbourn,ccolbournn@cam.ac.uk
Hayden,Clavey,hclaveyo@i2i.jp
Mendel,Heymes,mheymesp@weibo.com
Fayre,Appleton,fappletonq@constantcontact.com
Zelma,McKeon,zmckeonr@homestead.com
Trixi,Verrier,tverriers@google.co.uk
Burgess,Scardifield,bscardifieldt@cafepress.com
Callie,Stains,cstainsu@tinypic.com
Geordie,Snarie,gsnariev@un.org
Laurens,Clewley,lclewleyw@shutterfly.com
Barbabra,Gosforth,bgosforthx@blogs.com
Angelico,Sturdy,asturdyy@alibaba.com
Cecilla,Burgise,cburgisez@youtube.com
Alvinia,Smidmore,asmidmore10@tinypic.com
Donny,Bauduin,dbauduin11@google.ru
Jasun,McKeevers,jmckeevers12@netscape.com
Reeba,Jay,rjay13@ft.com
Carlynn,Adamthwaite,cadamthwaite14@examiner.com
Kettie,Treat,ktreat15@ow.ly
Lethia,Hassall,lhassall16@eventbrite.com
Katrine,Ipplett,kipplett17@photobucket.com
Madge,McLardie,mmclardie18@slideshare.net
Shelley,Barbrick,sbarbrick19@wufoo.com
Nev,Sonschein,nsonschein1a@rakuten.co.jp
Davey,Attew,dattew1b@feedburner.com
Jerrilyn,Walcar,jwalcar1c@vk.com
Willie,Presdee,wpresdee1d@uiuc.edu
Ber,Bidder,bbidder1e@reuters.com
Janis,Grzegorzewski,jgrzegorzewski1f@yale.edu
Tammy,Spivey,tspivey1g@reddit.com
Joyan,Vasyushkhin,jvasyushkhin1h@gizmodo.com
Teddy,Alfwy,talfwy1i@boston.com
Briana,Dunderdale,bdunderdale1j@google.cn
Wit,Pilch,wpilch1k@123-reg.co.uk
Thibaut,Worsalls,tworsalls1l@gov.uk
Brocky,MacDavitt,bmacdavitt1m@addthis.com
Ashia,Stean,astean1n@goo.ne.jp
Ethelred,Murcott,emurcott1o@sitemeter.com
Winnie,MacDonald,wmacdonald1p@multiply.com
Dominga,McKirton,dmckirton1q@dagondesign.com
Lydie,Hamshaw,lhamshaw1r@archive.org
Toma,Killingworth,tkillingworth1s@mayoclinic.com
Jasun,Clarkson,jclarkson1t@printfriendly.com
Shir,Note,snote1u@soundcloud.com
Verne,Kopelman,vkopelman1v@about.com
Vale,Castro,vcastro1w@etsy.com
Brigida,Sayles,bsayles1x@europa.eu
Onfroi,Raith,oraith1y@ocn.ne.jp
Guillaume,Thumnel,gthumnel1z@arstechnica.com
Mikel,Sebrook,msebrook20@psu.edu
Ezra,Bentsen,ebentsen21@reverbnation.com
Bendick,Comiam,bcomiam22@cbsnews.com
Thorsten,Ekell,tekell23@cbslocal.com
Roseanna,Gunning,rgunning24@goo.gl
Marven,Dundon,mdundon25@so-net.ne.jp
Hart,Mac Giany,hmacgiany26@hibu.com
Miguelita,Critchell,mcritchell27@yandex.ru
Adda,Moncreif,amoncreif28@sciencedaily.com
Carver,Wearing,cwearing29@seattletimes.com
Silva,Mercer,smercer2a@bbb.org
Verla,Ferrara,vferrara2b@ibm.com
Puff,O'Loughane,poloughane2c@disqus.com
Marcelo,Stuffins,mstuffins2d@netscape.com
Elia,Flippen,eflippen2e@loc.gov
Blondelle,Stobie,bstobie2f@baidu.com
Dov,Rey,drey2g@yolasite.com
Gwenora,Ferrino,gferrino2h@alexa.com
Row,Claremont,rclaremont2i@issuu.com
Lin,O'Scannill,loscannill2j@archive.org
Wilton,BURWIN,wburwin2k@histats.com
Robenia,Elcoat,relcoat2l@army.mil
Vere,Garvie,vgarvie2m@cdbaby.com
Ring,Gerardin,rgerardin2n@comsenz.com
Leone,Heinritz,lheinritz2o@homestead.com
Heidi,Peckett,hpeckett2p@about.me
Yulma,Caldecott,ycaldecott2q@digg.com
Perl,Gionettitti,pgionettitti2r@51.la
Brade,Drohun,bdrohun2s@si.edu
Rakel,Leatherland,rleatherland2t@google.cn
Cortney,Coulthurst,ccoulthurst2u@boston.com
Dyan,Revening,drevening2v@ask.com
Wylie,Howard,whoward2w@timesonline.co.uk
Dari,Willoughby,dwilloughby2x@apple.com
Nil,Bedder,nbedder2y@fastcompany.com
Seka,Dagless,sdagless2z@geocities.jp
Sly,Olsen,solsen30@sakura.ne.jp
Fania,Coomber,fcoomber31@mysql.com
Patrizia,Bake,pbake32@japanpost.jp
Claudine,Oliver,coliver33@yellowpages.com
Bronnie,Grebbin,bgrebbin34@ask.com
Addia,Riatt,ariatt35@businesswire.com
Wandis,Pollastro,wpollastro36@blog.com
Roi,Hallock,rhallock37@sakura.ne.jp
Sissie,Garwill,sgarwill38@admin.ch
Leisha,Muffett,lmuffett39@yahoo.co.jp
Jeffy,Dennett,jdennett3a@nhs.uk
Krystalle,Rubes,krubes3b@bbb.org
Der,Treuge,dtreuge3c@ebay.co.uk
Jacquelynn,Booth-Jarvis,jboothjarvis3d@tuttocitta.it
Nichole,Ballsdon,nballsdon3e@ibm.com
Taryn,Cinderey,tcinderey3f@miibeian.gov.cn
Lauren,Girkins,lgirkins3g@microsoft.com
Alphard,Bwye,abwye3h@nsw.gov.au
Dew,Brickstock,dbrickstock3i@usatoday.com
Zacharia,Bezant,zbezant3j@live.com
Arlin,Palk,apalk3k@zdnet.com
Samuel,Vigietti,svigietti3l@wunderground.com
Angie,Binge,abinge3m@meetup.com
Freedman,Beviss,fbeviss3n@barnesandnoble.com
Kerry,Hawney,khawney3o@sitemeter.com
Ramon,Batrim,rbatrim3p@kickstarter.com
Alyson,Rosina,arosina3q@cornell.edu
Elinor,Mary,emary3r@cnet.com
Ursulina,Lamball,ulamball3s@merriam-webster.com
Alano,Dublin,adublin3t@opensource.org
Flinn,Bricknell,fbricknell3u@ning.com
Chlo,Scading,cscading3v@hud.gov
Billie,Sawtell,bsawtell3w@360.cn
Prudi,Genty,pgenty3x@dropbox.com
Tine,Brighty,tbrighty3y@springer.com
Leoline,Hatterslay,lhatterslay3z@yolasite.com
Margarita,Wardlow,mwardlow40@amazonaws.com
Frank,Eustanch,feustanch41@taobao.com
Agace,Eliasen,aeliasen42@ucoz.ru
Alexandrina,Chat,achat43@unesco.org
Willie,Benzi,wbenzi44@google.de
Oswell,Piper,opiper45@howstuffworks.com
Patty,Garnul,pgarnul46@bluehost.com
Klement,Borsay,kborsay47@blogs.com
Tommy,Curston,tcurston48@sphinn.com
Porter,Dilliston,pdilliston49@oracle.com
Roobbie,Underdown,runderdown4a@bbc.co.uk
Vicki,Bezant,vbezant4b@amazon.com
Ingeborg,Conor,iconor4c@t-online.de
Giacinta,Merrick,gmerrick4d@spotify.com
Cortie,Boldock,cboldock4e@friendfeed.com
Dari,Clissold,dclissold4f@umn.edu
Modestia,Lovel,mlovel4g@biglobe.ne.jp
Chandler,Hugett,chugett4h@jiathis.com
Mitch,Lakenton,mlakenton4i@si.edu
James,Moules,jmoules4j@stumbleupon.com
Iggy,Shale,ishale4k@com.com
Carita,Connick,cconnick4l@mozilla.com
Kerianne,Yurivtsev,kyurivtsev4m@statcounter.com
Roshelle,Crippill,rcrippill4n@ask.com
Chelsy,Trousdale,ctrousdale4o@stanford.edu
Pembroke,Hedden,phedden4p@psu.edu
Eugenia,Paumier,epaumier4q@go.com
Del,Sheers,dsheers4r@blogtalkradio.com
Ted,McIndoe,tmcindoe4s@sphinn.com
Rosemary,Redfern,rredfern4t@washingtonpost.com
Bar,Nestor,bnestor4u@ucoz.com
Thorn,Saddler,tsaddler4v@economist.com
Kimberly,Edelman,kedelman4w@discuz.net
Gusta,Lyver,glyver4x@cnbc.com
Ray,Nolda,rnolda4y@marketwatch.com
Kristyn,Oxbrough,koxbrough4z@army.mil
Layney,Walsham,lwalsham50@google.ru
Richie,Wiltshire,rwiltshire51@comcast.net
Natale,Prall,nprall52@i2i.jp
Callean,Gauson,cgauson53@lycos.com
Tod,Well,twell54@zdnet.com
Francklyn,Duguid,fduguid55@quantcast.com
Newton,Jennaroy,njennaroy56@google.fr
Shoshanna,Heber,sheber57@storify.com
Theodosia,Gippes,tgippes58@disqus.com
Lila,Readings,lreadings59@vkontakte.ru
Mychal,Brumhead,mbrumhead5a@sbwire.com
Sascha,Nash,snash5b@indiegogo.com
Rock,Lloyds,rlloyds5c@exblog.jp
Donn,Verlinde,dverlinde5d@bloomberg.com
Emmye,Ahren,eahren5e@smugmug.com
Kendall,Laffling,klaffling5f@shop-pro.jp
Chad,Eastes,ceastes5g@goo.gl
Jarrett,Kleeman,jkleeman5h@yellowpages.com
Bard,Jarritt,bjarritt5i@redcross.org
Karoly,Dawtrey,kdawtrey5j@macromedia.com
Leyla,Keller,lkeller5k@engadget.com
Homer,Lyven,hlyven5l@independent.co.uk
Rossie,Spalding,rspalding5m@sitemeter.com
Gonzales,Melrose,gmelrose5n@pinterest.com
Merrilee,Buckenham,mbuckenham5o@theguardian.com
Barb,Birtwhistle,bbirtwhistle5p@nhs.uk
Gerry,Beardall,gbeardall5q@foxnews.com
Stella,Elsmere,selsmere5r@biblegateway.com
Benedetta,Willder,bwillder5s@nps.gov
Kerk,Godehard.sf,kgodehardsf5t@liveinternet.ru
Weylin,Loalday,wloalday5u@redcross.org
Sharity,Riches,sriches5v@pagesperso-orange.fr
Locke,Jeffries,ljeffries5w@si.edu
Trixy,Kelshaw,tkelshaw5x@hp.com
Desiree,Wix,dwix5y@instagram.com
Dunc,Sleney,dsleney5z@pagesperso-orange.fr
Ardith,Fardy,afardy60@ustream.tv
Milton,Kalisz,mkalisz61@cyberchimps.com
Ileane,Betchley,ibetchley62@goo.gl
Chery,Thursfield,cthursfield63@biblegateway.com
Rosy,Peatt,rpeatt64@narod.ru
Kevon,Hannay,khannay65@a8.net
Yulma,Cockson,ycockson66@google.fr
Madeline,Gooderson,mgooderson67@vk.com
Alberto,Vasin,avasin68@uiuc.edu
Cathrin,Wix,cwix69@elegantthemes.com
Kenn,Imeson,kimeson6a@berkeley.edu
Carleton,Esch,cesch6b@hugedomains.com
Alyson,Maass,amaass6c@linkedin.com
Kitty,Dory,kdory6d@berkeley.edu
Yance,Stuart,ystuart6e@nih.gov
Berty,Iskowicz,biskowicz6f@purevolume.com
Petronilla,Di Batista,pdibatista6g@techcrunch.com
Aleen,Pell,apell6h@youku.com
Adelheid,Reimer,areimer6i@google.co.uk
Barthel,Emmines,bemmines6j@goo.gl
Lilllie,Bosch,lbosch6k@wunderground.com
Hatti,Rennles,hrennles6l@google.fr
Wallache,Couche,wcouche6m@moonfruit.com
Cherida,Lauret,clauret6n@prweb.com
Witty,Derl,wderl6o@wikispaces.com
Sergeant,McFaell,smcfaell6p@cisco.com
Meggi,Sjostrom,msjostrom6q@newyorker.com
Rana,McRobbie,rmcrobbie6r@sciencedirect.com
Fletcher,Goodban,fgoodban6s@netvibes.com
Jessie,Ancell,jancell6t@nsw.gov.au
Kennedy,Hurl,khurl6u@time.com
Addia,Holdren,aholdren6v@patch.com
Mikol,GiacobbiniJacob,mgiacobbinijacob6w@freewebs.com
Xena,Baskeyfield,xbaskeyfield6x@flavors.me
Olympe,Branston,obranston6y@cafepress.com
Zitella,Thornton,zthornton6z@youku.com
Stevy,Grundwater,sgrundwater70@vkontakte.ru
Kerrill,Amner,kamner71@storify.com
Dorey,Caizley,dcaizley72@vinaora.com
Francoise,Badman,fbadman73@aboutads.info
Eleen,Donavan,edonavan74@comsenz.com
Shannon,Farnorth,sfarnorth75@reverbnation.com
Cortney,Moores,cmoores76@patch.com
Fremont,Beveredge,fbeveredge77@slate.com
Jillie,Charlson,jcharlson78@cnet.com
Peder,Josebury,pjosebury79@storify.com
Scotty,Brabben,sbrabben7a@tripod.com
Willy,Van Arsdall,wvanarsdall7b@google.pl
Billie,Iwanowicz,biwanowicz7c@yandex.ru
Gracia,Giraudot,ggiraudot7d@gmpg.org
Fiann,Mecco,fmecco7e@prweb.com
Rodie,Dowdall,rdowdall7f@economist.com
Celesta,Simioni,csimioni7g@smh.com.au
Desdemona,Cordsen,dcordsen7h@flavors.me
Aurelia,Colebeck,acolebeck7i@smugmug.com
Maude,Ditter,mditter7j@upenn.edu
Phillis,Cullen,pcullen7k@ebay.com
Jody,Olivie,jolivie7l@businessinsider.com
Lucy,Bartolomeo,lbartolomeo7m@mozilla.org
Mayor,Mulvey,mmulvey7n@dell.com
Sonia,Attac,sattac7o@shareasale.com
Arvie,Vassar,avassar7p@wikia.com
Boothe,Pascho,bpascho7q@foxnews.com
Easter,Punter,epunter7r@tiny.cc
Tandy,Gullen,tgullen7s@guardian.co.uk
Livy,Lantuffe,llantuffe7t@bing.com
Weber,Boyet,wboyet7u@oaic.gov.au
Ario,Novello,anovello7v@blogtalkradio.com
Iggy,Meneo,imeneo7w@flickr.com
Ron,Perigoe,rperigoe7x@miibeian.gov.cn
Andy,Bulleyn,abulleyn7y@hao123.com
Kristoffer,Bagniuk,kbagniuk7z@clickbank.net
Scarface,Chivrall,schivrall80@dagondesign.com
Xavier,Djorevic,xdjorevic81@ibm.com
Umeko,Siss,usiss82@geocities.com
Merrie,Cressey,mcressey83@ucla.edu
Pren,Vanyutin,pvanyutin84@pagesperso-orange.fr
Eben,Tibbotts,etibbotts85@simplemachines.org
Troy,Hullbrook,thullbrook86@histats.com
Cammy,Huelin,chuelin87@technorati.com
Ty,Queyeiro,tqueyeiro88@bing.com
Lazar,Digby,ldigby89@jiathis.com
Rubi,Bulcroft,rbulcroft8a@vimeo.com
Rennie,Emmins,remmins8b@skyrock.com
Arnold,Vamplus,avamplus8c@oracle.com
Lucky,Liversage,lliversage8d@posterous.com
Minta,Veysey,mveysey8e@smh.com.au
Samson,Dewdney,sdewdney8f@columbia.edu
Tillie,Baignard,tbaignard8g@alibaba.com
Randi,Braunter,rbraunter8h@mit.edu
Winna,Locksley,wlocksley8i@vimeo.com
Obadias,Dragoe,odragoe8j@technorati.com
Jeffry,Whyborn,jwhyborn8k@google.pl
Cissiee,Keneforde,ckeneforde8l@vinaora.com
Vita,Avison,vavison8m@google.de
Ali,Sherland,asherland8n@stanford.edu
Wald,Ffoulkes,wffoulkes8o@illinois.edu
Chelsae,Beddin,cbeddin8p@ibm.com
Allan,Harburtson,aharburtson8q@google.de
Robina,Lewer,rlewer8r@vinaora.com
Akim,Dartnall,adartnall8s@mashable.com
Richie,Norcliff,rnorcliff8t@ask.com
Noble,Westman,nwestman8u@plala.or.jp
Jori,Plom,jplom8v@xinhuanet.com
Anna-diana,Sturley,asturley8w@npr.org
Shandie,Trenfield,strenfield8x@toplist.cz
Travus,Pinnegar,tpinnegar8y@slideshare.net
Dasie,Mills,dmills8z@japanpost.jp
Jillana,Jeynes,jjeynes90@seesaa.net
Danni,Dorton,ddorton91@icio.us
Caty,Ahrendsen,cahrendsen92@nbcnews.com
Ramsey,Coat,rcoat93@mapy.cz
Issiah,Bencher,ibencher94@wix.com
Agna,Toffoletto,atoffoletto95@boston.com
Suki,Rosten,srosten96@who.int
Steven,Aizikowitz,saizikowitz97@gizmodo.com
Jesselyn,Warrener,jwarrener98@ocn.ne.jp
Reilly,Finby,rfinby99@nydailynews.com
Farlay,Downton,fdownton9a@angelfire.com
Olav,Lowthian,olowthian9b@1688.com
Roz,Fanning,rfanning9c@chicagotribune.com
Jedediah,Rameaux,jrameaux9d@weebly.com
Lilian,Hritzko,lhritzko9e@psu.edu
Jarrad,Simecek,jsimecek9f@infoseek.co.jp
Beverlie,Keenor,bkeenor9g@twitpic.com
Marcos,Whittet,mwhittet9h@webnode.com
Donni,Tixall,dtixall9i@phpbb.com
Paddie,Garwell,pgarwell9j@free.fr
Verla,Hynam,vhynam9k@sun.com
Hebert,Doherty,hdoherty9l@fastcompany.com
Anestassia,Sansom,asansom9m@etsy.com
Chrysa,MacClure,cmacclure9n@dyndns.org
Janetta,Cambell,jcambell9o@ucla.edu
Boote,Stannus,bstannus9p@merriam-webster.com
Marleen,Widdicombe,mwiddicombe9q@yellowbook.com
De,Frisel,dfrisel9r@dion.ne.jp
Kirbee,Bennike,kbennike9s@go.com
Chiarra,Krzyzowski,ckrzyzowski9t@sciencedaily.com
Giacopo,Skully,gskully9u@japanpost.jp
Lori,Elfleet,lelfleet9v@examiner.com
Janka,Cregan,jcregan9w@newsvine.com
Boris,Malia,bmalia9x@google.fr
Fredra,Poupard,fpoupard9y@jimdo.com
Ruttger,Charleston,rcharleston9z@t-online.de
Mortie,Keaysell,mkeaysella0@yellowbook.com
Lind,Challenor,lchallenora1@ask.com
Betty,Colegate,bcolegatea2@usnews.com
Dasha,Flute,dflutea3@theglobeandmail.com
Mitchell,Pratley,mpratleya4@drupal.org
Jenn,Sheers,jsheersa5@huffingtonpost.com
Jewelle,Tofanelli,jtofanellia6@pinterest.com
Sullivan,Ludwikiewicz,sludwikiewicza7@uol.com.br
Corbet,Trebilcock,ctrebilcocka8@hhs.gov
Lorilee,Trewhela,ltrewhelaa9@ebay.com
Luise,Barrack,lbarrackaa@elpais.com
Bevon,Strowlger,bstrowlgerab@smh.com.au
Flynn,Stubbin,fstubbinac@studiopress.com
Idell,Hassan,ihassanad@creativecommons.org
Rory,Thayre,rthayreae@apache.org
Kailey,Lehrle,klehrleaf@nhs.uk
Glennis,Amyes,gamyesag@hostgator.com
Quent,Bigly,qbiglyah@about.com
Elvera,Carrabot,ecarrabotai@earthlink.net
Lotty,Chamberlain,lchamberlainaj@nbcnews.com
Prue,Boik,pboikak@domainmarket.com
Berk,Springtorp,bspringtorpal@goodreads.com
Silas,Feathersby,sfeathersbyam@ucoz.com
Joelle,Brickwood,jbrickwoodan@infoseek.co.jp
Leonanie,Wiles,lwilesao@blogs.com
Laurianne,Eliet,lelietap@netvibes.com
Diena,McGougan,dmcgouganaq@furl.net
Dennie,Izard,dizardar@multiply.com
Tonie,Renol,trenolas@ftc.gov
Miguela,Capner,mcapnerat@istockphoto.com
Ariella,Ickov,aickovau@xinhuanet.com
Jade,Lithcow,jlithcowav@ycombinator.com
Cherish,Dibdale,cdibdaleaw@barnesandnoble.com
Martino,Brislane,mbrislaneax@google.co.uk
Haywood,Hannibal,hhannibalay@dyndns.org
Ellie,Bing,ebingaz@washington.edu
Link,Conachy,lconachyb0@fc2.com
Konstance,Suggey,ksuggeyb1@mashable.com
Chiquita,Lampel,clampelb2@umich.edu
Beverly,Pendrich,bpendrichb3@webmd.com
Tarah,Bolver,tbolverb4@netscape.com
Gay,Middleditch,gmiddleditchb5@technorati.com
Carey,Fawlks,cfawlksb6@arstechnica.com
Ulla,De Bruin,udebruinb7@businessinsider.com
Hilde,Godball,hgodballb8@wikipedia.org
Bertina,Ghiraldi,bghiraldib9@elegantthemes.com
Elwira,Fawdry,efawdryba@naver.com
Filip,De La Salle,fdelasallebb@mapquest.com
Kane,Collingham,kcollinghambc@networksolutions.com
Pru,Boyce,pboycebd@pen.io
Lewes,Burras,lburrasbe@a8.net
Christin,Snailham,csnailhambf@istockphoto.com
Nickola,Rainger,nraingerbg@addtoany.com
Emmott,Sleight,esleightbh@desdev.cn
Borg,Birtle,bbirtlebi@angelfire.com
Sadie,MacShirrie,smacshirriebj@timesonline.co.uk
Bernadette,Melmore,bmelmorebk@php.net
Halsey,Alldread,halldreadbl@creativecommons.org
Martyn,Bourton,mbourtonbm@webs.com
Reinaldo,Gaitley,rgaitleybn@networkadvertising.org
Gilberte,Shand,gshandbo@themeforest.net
Jess,Asel,jaselbp@histats.com
Barney,Strowan,bstrowanbq@amazon.co.uk
Gerard,Gillio,ggilliobr@addthis.com
Edmon,MacAllaster,emacallasterbs@1und1.de
Farah,Workes,fworkesbt@imgur.com
Esma,Schroder,eschroderbu@com.com
Emilie,Ghiroldi,eghiroldibv@unblog.fr
Cynde,Bragger,cbraggerbw@wp.com
Domenic,Joscelyn,djoscelynbx@cocolog-nifty.com
Vincents,Greedy,vgreedyby@dailymotion.com
Babs,Cobbald,bcobbaldbz@dagondesign.com
Perice,Jost,pjostc0@spiegel.de
Harlene,Gabbitus,hgabbitusc1@msn.com
Liva,Rame,lramec2@cdc.gov
Salim,Geraudel,sgeraudelc3@reverbnation.com
Temp,Woodcraft,twoodcraftc4@woothemes.com
Ave,Sturdgess,asturdgessc5@google.pl
Karlie,Harvard,kharvardc6@google.pl
Eugenius,Morcomb,emorcombc7@tinypic.com
Stella,Kinastan,skinastanc8@smh.com.au
Stacee,Pennycord,spennycordc9@google.ru
Melonie,Wrangle,mwrangleca@blogger.com
Faunie,Bulfit,fbulfitcb@digg.com
Banky,Colquhoun,bcolquhouncc@drupal.org
Grethel,Fordy,gfordycd@elegantthemes.com
Chickie,Chillingworth,cchillingworthce@moonfruit.com
Annadiane,Strooband,astroobandcf@timesonline.co.uk
Huntlee,Maciaszek,hmaciaszekcg@ox.ac.uk
Fanny,Guerriero,fguerrieroch@vinaora.com
Zelma,Gepheart,zgepheartci@netvibes.com
Herold,Coveney,hcoveneycj@umich.edu
Sydney,Waldren,swaldrenck@infoseek.co.jp
Ketti,Yeskin,kyeskincl@wikispaces.com
Tudor,Bunclark,tbunclarkcm@mit.edu
Ferdinande,Izzard,fizzardcn@unesco.org
Feodor,Kermott,fkermottco@addtoany.com
Nertie,Linner,nlinnercp@free.fr
Zena,Razzell,zrazzellcq@ucla.edu
Aurea,Guisot,aguisotcr@newyorker.com
Alejandra,Cragoe,acragoecs@chronoengine.com
Mag,Emmens,memmensct@so-net.ne.jp
Molli,Mallabon,mmallaboncu@nbcnews.com
Bettina,Kerford,bkerfordcv@wunderground.com
Tobin,Harteley,tharteleycw@imageshack.us
Helenelizabeth,Huckerby,hhuckerbycx@pbs.org
Antonina,Vader,avadercy@who.int
Waylan,Vannini,wvanninicz@pen.io
Hattie,Carty,hcartyd0@icq.com
Margalo,Towhey,mtowheyd1@behance.net
Dalenna,Hamson,dhamsond2@ask.com
Lonnie,Kill,lkilld3@sourceforge.net
Jana,Wardroper,jwardroperd4@joomla.org
Gabbi,Humbie,ghumbied5@posterous.com
Arabella,Sturch,asturchd6@whitehouse.gov
Madelle,Kirsopp,mkirsoppd7@yellowbook.com
Nicholas,Reece,nreeced8@nifty.com
Garrard,Whitnall,gwhitnalld9@boston.com
Dyann,Scrowton,dscrowtonda@boston.com
Demeter,Scoone,dscoonedb@dell.com
Lyon,Batts,lbattsdc@dell.com
Camellia,Tilte,ctiltedd@europa.eu
Frazier,Sylvester,fsylvesterde@tripod.com
Dulci,Sherbourne,dsherbournedf@sciencedirect.com
Tarah,Peeke,tpeekedg@cornell.edu
Jobina,Kunisch,jkunischdh@toplist.cz
Clarice,Levey,cleveydi@wiley.com
Seward,Hyndman,shyndmandj@skype.com
Sophey,Fish,sfishdk@zimbio.com
Noni,Pett,npettdl@tmall.com
Bernardo,Messingham,bmessinghamdm@google.it
Bessy,Atton,battondn@homestead.com
Haroun,Huggen,hhuggendo@last.fm
Lauretta,Ricardot,lricardotdp@usgs.gov
Vikky,Godson,vgodsondq@amazonaws.com
Jandy,Trinder,jtrinderdr@mashable.com
Fairleigh,Isakovic,fisakovicds@theguardian.com
Calypso,Mallabund,cmallabunddt@foxnews.com
Riordan,Sudlow,rsudlowdu@1und1.de
Kimmy,Sproston,ksprostondv@adobe.com
